name,kind,observed_r,predicted_r,residual,pull
BEST_inner,anchor,0.790000,0.790000,+0.000000,+0.000000
BEST_outer,anchor,0.770000,0.770000,-0.000000,-0.000000
GALLEX_combined,anchor,0.882000,0.882000,+0.000000,+0.000000
SAGE_51Cr,anchor,0.950000,0.950000,+0.000000,+0.000000
SAGE_37Ar,anchor,0.790000,0.790000,+0.000000,+0.000000
BEST_ratio,validation,0.970000,0.974684,+0.004684,+0.004828
GALLEX_Cr1,validation,0.953000,0.882000,-0.071000,-0.074502
GALLEX_Cr2,validation,0.812000,0.882000,+0.070000,+0.086207
